{
  "project_info": {
    "project_number": "1092966833321",
    "project_id": "registration-page-949bb",
    "storage_bucket": "registration-page-949bb.appspot.com"
  },
  "client": [
    {
      "client_info": {
        "mobilesdk_app_id": "1:1092966833321:android:fbe04f7a7453710c9d5db8",
        "android_client_info": {
          "package_name": "com.example.registrationpage"
        }
      },
      "oauth_client": [],
      "api_key": [
        {
          "current_key": "AIzaSyD_qkxaEM2Tnql-XY6eujghbubY4XGA_A0"
        }
      ],
      "services": {
        "appinvite_service": {
          "other_platform_oauth_client": []
        }
      }
    }
  ],
  "configuration_version": "1"
}